name,desc,seq_a,seq_b,label,label_name,score,pc1,pc2
TP53 + MDM2,腫瘤抑制因子 / E3 泛素連接酶,MEEPQSDPSVEPPLSQETFSDLWKLLPENNVLSPLPSQAMDDLMLSPDDIEQWFTEDPGPDEAPRMPEAAPPVAPAPAAP,MCNTNMSVPTDGAVTTSQIPASEQETLVRPKPLLLKLLKSVGAQKDTYTMKEVLFYLGQYIMTKRLYDEKQQHIVYCSND,1,Interacting,88.2,0.727974,-2.364857
"TP53 + MDM2
(打亂序列)",亂序陰性對照,IPKEVESPPMQVPALALDPEPFFESDMDPESPMEESWDLSDDAVWLPGEDMQPQAPPLLDSPAARNEPAQTPALTNLPPS,MTEASLYGCYKDEIDLMQVKKHSANPCSDTGKQTMFLYTQLQKLMLKTRSTKYTNIVSDLLIQVPVEVNPVGRQLTYAPE,0,Non-Interacting,83.0,-2.2872734,-0.29280606
EGFR + GRB2,生長因子受體 / 訊號接合器,MRPSGTAGAALLALLAALCPASRALEEKKVCQGTSNKLTQLGTFEDHFLSLQRMFNNCEVVLGNLEITYVQRNYDLSFLK,MEAIAKYDFKATADDELSFKRGDILKVLNEECDQNWYKAELNGKDGFIPKNYIEMKPHPWFFGKIPRAKAEEMLSKQRHD,1,Interacting,47.9,3.82279,-1.748369
"EGFR + GRB2
(打亂序列)",亂序陰性對照,DAALFQLEEEREVLLSSQLLCYIDGGNFLKNLYCARSKLTALNCTLASGQHRTKVSANQMNAVLPGGMTVAFPEFTLKRL,KAKIKNFLYQIHKLKRDGAKPDKDRNEKAEDGDEQVAFKMEIHWAAPESTLFNNPIEPEYGFKDEYWSMGKMALIRCFDL,0,Non-Interacting,35.2,-2.5191464,0.123327464
PCNA + p21,DNA 複製滑夾 / CDK 抑制劑,MFEARLVQGSILKKVLEALKDLINEACWDISSSGVNLQSMDSSHVSLVQLTLRSEGFDTYRCDRNLAMGVNLTSMSKILK,MSEPAGDVRQNPCGSKACRRLFGPVDSEQLSRDCDALMAGCIQEARERWNFDFVTETPLEGDFAWERVRGLGLPKLYLPT,1,Interacting,43.5,3.0149896,2.883411
"PCNA + p21
(打亂序列)",亂序陰性對照,EVLNREVLKTFHSQSEGNVSNWAQRSDLALTLMFDVLKDLIYCSKVRVLMGMRQDIKSSIAESMCGDASILSTLLSLKGN,PRVRCECLLALADGLPDPVRADMFMQVDIPELCLSEVTFCWRFWYFPNLKTESANDDQKEGGPREGGAERRAGRQSSGTL,0,Non-Interacting,41.8,-2.2411106,0.22059031
MYC + MAX,轉錄因子二聚體,MDFFRVVENQQPPATMPLNVSFTNRNYDLDYDSVQPYFYCDEEENFYQQQQQSELQPPAPSEDIWKKFELLPTPPLSPSR,MSDNDDIEVESDEEQPRFQSAADKRAHHNALERKRRDHIKDSFHSLRDSVPSLQGEKASRAQILDKATEYIQYMRRKNHT,1,Interacting,84.4,2.0138712,-1.965186
"MYC + MAX
(打亂序列)",亂序陰性對照,WDTQESYRFDLLYDPQFLMPVPNDLQQVQEDAFFEEQYPTQPIPNRFPYPSPVSELESCFAESNLYNKMPVSRPQTKQDN,LHYSDTAARDPISADEEASDDSKRHRNQDQIRYFERHLSTDHRKDAIKRFLVKEKPRNAKSQIDNGEMQESLVRMQSEHA,0,Non-Interacting,69.6,-2.4984293,-0.11432379
BRCA1 + BARD1,DNA 修復 RING 結構域複合體,MDLSALRVEEVQNVINAMQKILECPICLELIKEPVSTKCDHIFCKFCMLKLLNQKKGPSQCPLCKNDITKRSLQESTRFS,MPDNRQPRNRQPRIRSGNEPRSAPAMEPDGRGAWAHSRAALDRLEKLLRCSRCTNILREPVCLGGCEHIFCSNCVSDCIG,1,Interacting,57.6,2.0233648,2.504979
"BRCA1 + BARD1
(打亂序列)",亂序陰性對照,QAGCERQRKFMIKISEVEKMTNLCPEHNISNLSVIKACQKNLILSCTKPDDDELLVCILCFLPSSKVRLEKTQKCFMPLQ,PSRTGLHFCSPDQCVEHRLKASILEQNECCGVRNWPLEGCGPCEMDDIRPRPAADRSIRRGLNANGRMSRCNIARRSLAP,0,Non-Interacting,34.4,-2.0570295,0.7532332
